-- phpMyAdmin SQL Dump
-- version 5.2.1
-- https://www.phpmyadmin.net/
--
-- Host: 127.0.0.1
-- Generation Time: Jun 23, 2025 at 03:59 PM
-- Server version: 10.4.32-MariaDB
-- PHP Version: 8.2.12

SET SQL_MODE = "NO_AUTO_VALUE_ON_ZERO";
START TRANSACTION;
SET time_zone = "+00:00";


/*!40101 SET @OLD_CHARACTER_SET_CLIENT=@@CHARACTER_SET_CLIENT */;
/*!40101 SET @OLD_CHARACTER_SET_RESULTS=@@CHARACTER_SET_RESULTS */;
/*!40101 SET @OLD_COLLATION_CONNECTION=@@COLLATION_CONNECTION */;
/*!40101 SET NAMES utf8mb4 */;

--
-- Database: `hris`
--

-- --------------------------------------------------------

--
-- Table structure for table `attendance`
--

CREATE TABLE `attendance` (
  `id` int(10) NOT NULL,
  `employee_id` varchar(50) NOT NULL,
  `transindate` date DEFAULT current_timestamp(),
  `time_in` time DEFAULT NULL,
  `transoutdate` date DEFAULT NULL,
  `time_out` time DEFAULT NULL,
  `total_hours` decimal(10,2) DEFAULT NULL
) ENGINE=InnoDB DEFAULT CHARSET=utf8mb4 COLLATE=utf8mb4_general_ci;

--
-- Dumping data for table `attendance`
--

INSERT INTO `attendance` (`id`, `employee_id`, `transindate`, `time_in`, `transoutdate`, `time_out`, `total_hours`) VALUES
(1, '210033', '2025-06-10', '08:07:49', '2025-06-10', '17:07:55', 9.00),
(2, '210033', '2025-06-11', '08:26:04', '2025-06-11', '17:26:13', 9.00),
(3, '210033', '2025-06-13', '08:00:24', '2025-06-13', '15:00:34', 7.00),
(4, '250004', '2025-06-25', '14:08:38', '2025-06-26', '23:44:43', 8.00);

-- --------------------------------------------------------

--
-- Table structure for table `cache`
--

CREATE TABLE `cache` (
  `key` varchar(255) NOT NULL,
  `value` mediumtext NOT NULL,
  `expiration` int(11) NOT NULL
) ENGINE=InnoDB DEFAULT CHARSET=utf8mb4 COLLATE=utf8mb4_unicode_ci;

-- --------------------------------------------------------

--
-- Table structure for table `cache_locks`
--

CREATE TABLE `cache_locks` (
  `key` varchar(255) NOT NULL,
  `owner` varchar(255) NOT NULL,
  `expiration` int(11) NOT NULL
) ENGINE=InnoDB DEFAULT CHARSET=utf8mb4 COLLATE=utf8mb4_unicode_ci;

-- --------------------------------------------------------

--
-- Table structure for table `dtr`
--

CREATE TABLE `dtr` (
  `id` bigint(20) UNSIGNED NOT NULL,
  `employee_id` varchar(255) DEFAULT NULL,
  `transindate` date DEFAULT NULL,
  `time_in` time DEFAULT NULL,
  `transoutdate` date DEFAULT NULL,
  `time_out` time DEFAULT NULL,
  `shift_code` varchar(50) DEFAULT NULL,
  `xptd_time_in` time DEFAULT NULL,
  `xptd_time_out` time DEFAULT NULL,
  `is_late` tinyint(1) DEFAULT NULL,
  `late_minutes` int(11) DEFAULT NULL,
  `is_undertime` tinyint(1) DEFAULT NULL,
  `undertime_minutes` int(11) DEFAULT NULL,
  `total_hours` float DEFAULT NULL,
  `night_diff` float DEFAULT NULL,
  `created_at` timestamp NULL DEFAULT NULL,
  `updated_at` timestamp NULL DEFAULT NULL
) ENGINE=InnoDB DEFAULT CHARSET=utf8mb4 COLLATE=utf8mb4_unicode_ci;

--
-- Dumping data for table `dtr`
--

INSERT INTO `dtr` (`id`, `employee_id`, `transindate`, `time_in`, `transoutdate`, `time_out`, `shift_code`, `xptd_time_in`, `xptd_time_out`, `is_late`, `late_minutes`, `is_undertime`, `undertime_minutes`, `total_hours`, `night_diff`, `created_at`, `updated_at`) VALUES
(1, '210033', '2025-06-10', '08:07:49', '2025-06-10', '17:07:55', '8-5', '08:00:00', '17:00:00', 1, -8, 1, 0, -9, 0, '2025-06-23 04:24:45', '2025-06-23 05:28:28'),
(2, '210033', '2025-06-11', '08:26:04', '2025-06-11', '17:26:13', '8-5', '08:00:00', '17:00:00', 1, -26, 1, 0, -9, 0, '2025-06-23 04:24:45', '2025-06-23 05:28:28'),
(3, '210033', '2025-06-13', '08:00:24', '2025-06-13', '15:00:34', '8-5', '08:00:00', '17:00:00', 1, 0, 1, -119, -7, 0, '2025-06-23 04:24:45', '2025-06-23 05:28:28'),
(4, '250004', '2025-06-25', '14:08:38', '2025-06-25', '23:44:43', '3-11', '15:00:00', '23:00:00', 0, 0, 1, 96, -9.6, -1.75, '2025-06-23 04:24:45', '2025-06-23 05:28:28'),
(5, '123', '2025-07-09', NULL, '2025-07-09', NULL, '8-5', '08:00:00', '17:00:00', 0, 0, 0, 0, 0, 0, '2025-06-23 04:27:36', '2025-06-23 05:28:28'),
(6, '123', '2025-07-08', NULL, '2025-07-08', NULL, '8-5', '08:00:00', '17:00:00', 0, 0, 0, 0, 0, 0, '2025-06-23 04:27:36', '2025-06-23 05:28:28'),
(7, '123', '2025-07-07', NULL, '2025-07-07', NULL, '8-5', '08:00:00', '17:00:00', 0, 0, 0, 0, 0, 0, '2025-06-23 04:27:36', '2025-06-23 05:28:28'),
(8, '123', '2025-07-06', NULL, '2025-07-06', NULL, '8-5', '08:00:00', '17:00:00', 0, 0, 0, 0, 0, 0, '2025-06-23 04:27:36', '2025-06-23 05:28:28'),
(9, '123', '2025-07-05', NULL, '2025-07-05', NULL, '8-5', '08:00:00', '17:00:00', 0, 0, 0, 0, 0, 0, '2025-06-23 04:27:36', '2025-06-23 05:28:28'),
(10, '123', '2025-07-04', NULL, '2025-07-04', NULL, '8-5', '08:00:00', '17:00:00', 0, 0, 0, 0, 0, 0, '2025-06-23 04:27:36', '2025-06-23 05:28:28'),
(11, '123', '2025-07-03', NULL, '2025-07-03', NULL, '8-5', '08:00:00', '17:00:00', 0, 0, 0, 0, 0, 0, '2025-06-23 04:27:36', '2025-06-23 05:28:28'),
(12, '123', '2025-07-02', NULL, '2025-07-02', NULL, '8-5', '08:00:00', '17:00:00', 0, 0, 0, 0, 0, 0, '2025-06-23 04:27:36', '2025-06-23 05:28:28'),
(13, '123', '2025-07-01', NULL, '2025-07-01', NULL, '8-5', '08:00:00', '17:00:00', 0, 0, 0, 0, 0, 0, '2025-06-23 04:27:37', '2025-06-23 05:28:28'),
(14, '123', '2025-06-30', NULL, '2025-06-30', NULL, '8-5', '08:00:00', '17:00:00', 0, 0, 0, 0, 0, 0, '2025-06-23 04:27:37', '2025-06-23 05:28:28'),
(15, '123', '2025-06-29', NULL, '2025-06-29', NULL, '8-5', '08:00:00', '17:00:00', 0, 0, 0, 0, 0, 0, '2025-06-23 04:27:37', '2025-06-23 05:28:28'),
(16, '123', '2025-06-28', NULL, '2025-06-28', NULL, '8-5', '08:00:00', '17:00:00', 0, 0, 0, 0, 0, 0, '2025-06-23 04:27:37', '2025-06-23 05:28:28'),
(17, '123', '2025-06-27', NULL, '2025-06-27', NULL, '8-5', '08:00:00', '17:00:00', 0, 0, 0, 0, 0, 0, '2025-06-23 04:27:37', '2025-06-23 05:28:28'),
(18, '123', '2025-06-26', NULL, '2025-06-26', NULL, '8-5', '08:00:00', '17:00:00', 0, 0, 0, 0, 0, 0, '2025-06-23 04:27:37', '2025-06-23 05:28:28'),
(19, '123', '2025-06-25', NULL, '2025-06-25', NULL, '8-5', '08:00:00', '17:00:00', 0, 0, 0, 0, 0, 0, '2025-06-23 04:27:37', '2025-06-23 05:28:28'),
(20, '123', '2025-06-24', NULL, '2025-06-24', NULL, '8-5', '08:00:00', '17:00:00', 0, 0, 0, 0, 0, 0, '2025-06-23 04:27:37', '2025-06-23 05:28:28'),
(21, '210033', '2025-06-24', NULL, '2025-06-24', NULL, '8-5', '08:00:00', '17:00:00', 0, 0, 0, 0, 0, 0, '2025-06-23 04:27:37', '2025-06-23 05:28:28'),
(22, '210033', '2025-06-23', NULL, '2025-06-23', NULL, '8-5', '08:00:00', '17:00:00', 0, 0, 0, 0, 0, 0, '2025-06-23 04:27:37', '2025-06-23 05:28:28'),
(23, '123', '2025-06-23', NULL, '2025-06-23', NULL, '8-5', '08:00:00', '17:00:00', 0, 0, 0, 0, 0, 0, '2025-06-23 04:27:37', '2025-06-23 05:28:28'),
(24, '210033', '2025-06-22', NULL, '2025-06-22', NULL, '8-5', '08:00:00', '17:00:00', 0, 0, 0, 0, 0, 0, '2025-06-23 04:27:37', '2025-06-23 05:28:28'),
(25, '123', '2025-06-22', NULL, '2025-06-22', NULL, '8-5', '08:00:00', '17:00:00', 0, 0, 0, 0, 0, 0, '2025-06-23 04:27:37', '2025-06-23 05:28:28'),
(26, '210033', '2025-06-21', NULL, '2025-06-21', NULL, '8-5', '08:00:00', '17:00:00', 0, 0, 0, 0, 0, 0, '2025-06-23 04:27:37', '2025-06-23 05:28:28'),
(27, '123', '2025-06-21', NULL, '2025-06-21', NULL, '8-5', '08:00:00', '17:00:00', 0, 0, 0, 0, 0, 0, '2025-06-23 04:27:37', '2025-06-23 05:28:28'),
(28, '210033', '2025-06-20', NULL, '2025-06-20', NULL, '8-5', '08:00:00', '17:00:00', 0, 0, 0, 0, 0, 0, '2025-06-23 04:27:37', '2025-06-23 05:28:28'),
(29, '123', '2025-06-20', NULL, '2025-06-20', NULL, '8-5', '08:00:00', '17:00:00', 0, 0, 0, 0, 0, 0, '2025-06-23 04:27:37', '2025-06-23 05:28:28'),
(30, '210033', '2025-06-19', NULL, '2025-06-19', NULL, '8-5', '08:00:00', '17:00:00', 0, 0, 0, 0, 0, 0, '2025-06-23 04:27:37', '2025-06-23 05:28:28'),
(31, '123', '2025-06-19', NULL, '2025-06-19', NULL, '8-5', '08:00:00', '17:00:00', 0, 0, 0, 0, 0, 0, '2025-06-23 04:27:37', '2025-06-23 05:28:28'),
(32, '210033', '2025-06-18', NULL, '2025-06-18', NULL, '8-5', '08:00:00', '17:00:00', 0, 0, 0, 0, 0, 0, '2025-06-23 04:27:37', '2025-06-23 05:28:28'),
(33, '123', '2025-06-18', NULL, '2025-06-18', NULL, '8-5', '08:00:00', '17:00:00', 0, 0, 0, 0, 0, 0, '2025-06-23 04:27:37', '2025-06-23 05:28:28'),
(34, '123', '2025-06-17', NULL, '2025-06-17', NULL, '8-5', '08:00:00', '17:00:00', 0, 0, 0, 0, 0, 0, '2025-06-23 04:27:37', '2025-06-23 05:28:28'),
(35, '210033', '2025-06-17', NULL, '2025-06-17', NULL, '8-5', '08:00:00', '17:00:00', 0, 0, 0, 0, 0, 0, '2025-06-23 04:27:37', '2025-06-23 05:28:28'),
(36, '123', '2025-06-16', NULL, '2025-06-16', NULL, '8-5', '08:00:00', '17:00:00', 0, 0, 0, 0, 0, 0, '2025-06-23 04:27:37', '2025-06-23 05:28:28'),
(37, '210033', '2025-06-16', NULL, '2025-06-16', NULL, '8-5', '08:00:00', '17:00:00', 0, 0, 0, 0, 0, 0, '2025-06-23 04:27:37', '2025-06-23 05:28:28'),
(38, '123', '2025-06-15', NULL, '2025-06-15', NULL, '8-5', '08:00:00', '17:00:00', 0, 0, 0, 0, 0, 0, '2025-06-23 04:27:37', '2025-06-23 05:28:28'),
(39, '210033', '2025-06-15', NULL, '2025-06-15', NULL, '8-5', '08:00:00', '17:00:00', 0, 0, 0, 0, 0, 0, '2025-06-23 04:27:37', '2025-06-23 05:28:28'),
(40, '123', '2025-06-14', NULL, '2025-06-14', NULL, '8-5', '08:00:00', '17:00:00', 0, 0, 0, 0, 0, 0, '2025-06-23 04:27:37', '2025-06-23 05:28:28'),
(41, '210033', '2025-06-14', NULL, '2025-06-14', NULL, '8-5', '08:00:00', '17:00:00', 0, 0, 0, 0, 0, 0, '2025-06-23 04:27:37', '2025-06-23 05:28:28'),
(42, '123', '2025-06-13', NULL, '2025-06-13', NULL, '8-5', '08:00:00', '17:00:00', 0, 0, 0, 0, 0, 0, '2025-06-23 04:27:37', '2025-06-23 05:28:28'),
(43, '210033', '2025-06-12', NULL, '2025-06-12', NULL, '8-5', '08:00:00', '17:00:00', 0, 0, 0, 0, 0, 0, '2025-06-23 04:27:37', '2025-06-23 05:28:28'),
(44, '123', '2025-06-12', NULL, '2025-06-12', NULL, '8-5', '08:00:00', '17:00:00', 0, 0, 0, 0, 0, 0, '2025-06-23 04:27:37', '2025-06-23 05:28:28'),
(45, '123', '2025-06-11', NULL, '2025-06-11', NULL, '8-5', '08:00:00', '17:00:00', 0, 0, 0, 0, 0, 0, '2025-06-23 04:27:37', '2025-06-23 05:28:28'),
(46, '123', '2025-06-10', NULL, '2025-06-10', NULL, '8-5', '08:00:00', '17:00:00', 0, 0, 0, 0, 0, 0, '2025-06-23 04:27:37', '2025-06-23 05:28:28'),
(47, '250004', '2025-07-09', NULL, '2025-07-09', NULL, '8-5', '08:00:00', '17:00:00', 0, 0, 0, 0, 0, 0, '2025-06-23 04:35:12', '2025-06-23 05:28:28'),
(48, '250004', '2025-07-08', NULL, '2025-07-08', NULL, '8-5', '08:00:00', '17:00:00', 0, 0, 0, 0, 0, 0, '2025-06-23 04:35:12', '2025-06-23 05:28:28'),
(49, '250004', '2025-07-07', NULL, '2025-07-07', NULL, '8-5', '08:00:00', '17:00:00', 0, 0, 0, 0, 0, 0, '2025-06-23 04:35:12', '2025-06-23 05:28:28'),
(50, '250004', '2025-07-06', NULL, '2025-07-06', NULL, '8-5', '08:00:00', '17:00:00', 0, 0, 0, 0, 0, 0, '2025-06-23 04:35:12', '2025-06-23 05:28:28'),
(51, '250004', '2025-07-05', NULL, '2025-07-05', NULL, '8-5', '08:00:00', '17:00:00', 0, 0, 0, 0, 0, 0, '2025-06-23 04:35:12', '2025-06-23 05:28:28'),
(52, '250004', '2025-07-04', NULL, '2025-07-04', NULL, '8-5', '08:00:00', '17:00:00', 0, 0, 0, 0, 0, 0, '2025-06-23 04:35:12', '2025-06-23 05:28:28'),
(53, '250004', '2025-07-03', NULL, '2025-07-03', NULL, '8-5', '08:00:00', '17:00:00', 0, 0, 0, 0, 0, 0, '2025-06-23 04:35:12', '2025-06-23 05:28:28'),
(54, '250004', '2025-07-02', NULL, '2025-07-02', NULL, '8-5', '08:00:00', '17:00:00', 0, 0, 0, 0, 0, 0, '2025-06-23 04:35:12', '2025-06-23 05:28:28'),
(55, '250004', '2025-07-01', NULL, '2025-07-01', NULL, '8-5', '08:00:00', '17:00:00', 0, 0, 0, 0, 0, 0, '2025-06-23 04:35:12', '2025-06-23 05:28:28'),
(56, '250004', '2025-06-30', NULL, '2025-06-30', NULL, '8-5', '08:00:00', '17:00:00', 0, 0, 0, 0, 0, 0, '2025-06-23 04:35:12', '2025-06-23 05:28:28'),
(57, '250004', '2025-06-29', NULL, '2025-06-29', NULL, '8-5', '08:00:00', '17:00:00', 0, 0, 0, 0, 0, 0, '2025-06-23 04:35:12', '2025-06-23 05:28:28'),
(58, '250004', '2025-06-28', NULL, '2025-06-28', NULL, '8-5', '08:00:00', '17:00:00', 0, 0, 0, 0, 0, 0, '2025-06-23 04:35:12', '2025-06-23 05:28:28'),
(59, '250004', '2025-06-27', NULL, '2025-06-27', NULL, '8-5', '08:00:00', '17:00:00', 0, 0, 0, 0, 0, 0, '2025-06-23 04:35:12', '2025-06-23 05:28:28'),
(60, '250004', '2025-06-26', NULL, '2025-06-26', NULL, '8-5', '08:00:00', '17:00:00', 0, 0, 0, 0, 0, 0, '2025-06-23 04:35:12', '2025-06-23 05:28:28');

-- --------------------------------------------------------

--
-- Table structure for table `employees`
--

CREATE TABLE `employees` (
  `id` bigint(20) UNSIGNED NOT NULL,
  `employee_id` varchar(255) NOT NULL,
  `first_name` varchar(255) NOT NULL,
  `middle_name` varchar(255) DEFAULT NULL,
  `last_name` varchar(255) NOT NULL,
  `birthday` date NOT NULL,
  `contact_number` varchar(255) DEFAULT NULL,
  `address` text DEFAULT NULL,
  `sss` varchar(255) DEFAULT NULL,
  `philhealth` varchar(255) DEFAULT NULL,
  `tin` varchar(255) DEFAULT NULL,
  `pagibig` varchar(255) DEFAULT NULL,
  `status` enum('Probationary','Regular','Resigned') NOT NULL DEFAULT 'Probationary',
  `department` varchar(255) NOT NULL,
  `salary` decimal(10,2) NOT NULL DEFAULT 0.00,
  `created_at` timestamp NULL DEFAULT NULL,
  `updated_at` timestamp NULL DEFAULT NULL
) ENGINE=InnoDB DEFAULT CHARSET=utf8mb4 COLLATE=utf8mb4_unicode_ci;

--
-- Dumping data for table `employees`
--

INSERT INTO `employees` (`id`, `employee_id`, `first_name`, `middle_name`, `last_name`, `birthday`, `contact_number`, `address`, `sss`, `philhealth`, `tin`, `pagibig`, `status`, `department`, `salary`, `created_at`, `updated_at`) VALUES
(1, '210033', 'DAIMLER', 'BORRES', 'FERNANDEZ', '1996-02-05', '123456798', 'ASDFGHJKL;\'', '12312', '12345', '12321', '12346', 'Regular', 'HIMS', 20000.00, '2025-06-08 21:45:40', '2025-06-08 21:45:40'),
(2, '123', 'esmail', 'bogart', 'tulfo', '1971-12-12', '091234567', 'gensan', '789', '987', '879', '978', 'Regular', 'ACCOUNTING', 20000.00, '2025-06-10 21:56:22', '2025-06-10 21:56:22'),
(3, '250004', 'Julie Anne', NULL, 'Fernandez', '2000-12-07', '09123465798', 'General Santos City', '1789', '1790', '1791', '1792', 'Regular', 'IT', 12000.00, '2025-06-19 22:47:04', '2025-06-19 22:47:04');

-- --------------------------------------------------------

--
-- Table structure for table `employee_schedules`
--

CREATE TABLE `employee_schedules` (
  `id` bigint(20) UNSIGNED NOT NULL,
  `employee_id` bigint(20) UNSIGNED NOT NULL,
  `date` date NOT NULL,
  `shift_code` varchar(255) NOT NULL,
  `created_at` timestamp NULL DEFAULT NULL,
  `updated_at` timestamp NULL DEFAULT NULL
) ENGINE=InnoDB DEFAULT CHARSET=utf8mb4 COLLATE=utf8mb4_unicode_ci;

--
-- Dumping data for table `employee_schedules`
--

INSERT INTO `employee_schedules` (`id`, `employee_id`, `date`, `shift_code`, `created_at`, `updated_at`) VALUES
(1, 210033, '2025-06-10', '8-5', '2025-06-09 21:33:29', '2025-06-09 21:33:29'),
(2, 210033, '2025-06-11', '8-5', '2025-06-09 21:33:29', '2025-06-09 21:33:29'),
(3, 210033, '2025-06-12', '8-5', '2025-06-09 21:33:29', '2025-06-09 21:33:29'),
(4, 210033, '2025-06-13', '8-5', '2025-06-09 21:33:29', '2025-06-09 21:33:29'),
(5, 210033, '2025-06-14', '8-5', '2025-06-09 21:33:29', '2025-06-09 21:33:29'),
(6, 210033, '2025-06-15', '8-5', '2025-06-09 21:33:29', '2025-06-09 21:33:29'),
(7, 210033, '2025-06-16', '8-5', '2025-06-09 21:33:29', '2025-06-09 21:33:29'),
(8, 210033, '2025-06-17', '8-5', '2025-06-09 21:33:29', '2025-06-09 21:33:29'),
(9, 210033, '2025-06-18', '8-5', '2025-06-09 21:33:29', '2025-06-09 21:33:29'),
(10, 210033, '2025-06-19', '8-5', '2025-06-09 21:33:29', '2025-06-09 21:33:29'),
(11, 210033, '2025-06-20', '8-5', '2025-06-09 21:33:29', '2025-06-09 21:33:29'),
(12, 210033, '2025-06-21', '8-5', '2025-06-09 21:33:29', '2025-06-09 21:33:29'),
(13, 210033, '2025-06-22', '8-5', '2025-06-09 21:33:29', '2025-06-09 21:33:29'),
(14, 210033, '2025-06-23', '8-5', '2025-06-09 21:33:29', '2025-06-09 21:33:29'),
(15, 210033, '2025-06-24', '8-5', '2025-06-09 21:33:29', '2025-06-09 21:33:29'),
(16, 123, '2025-06-10', '8-5', '2025-06-10 21:57:14', '2025-06-10 21:57:14'),
(17, 123, '2025-06-11', '8-5', '2025-06-10 21:57:14', '2025-06-10 21:57:14'),
(18, 123, '2025-06-12', '8-5', '2025-06-10 21:57:15', '2025-06-10 21:57:15'),
(19, 123, '2025-06-13', '8-5', '2025-06-10 21:57:15', '2025-06-10 21:57:15'),
(20, 123, '2025-06-14', '8-5', '2025-06-10 21:57:15', '2025-06-10 21:57:15'),
(21, 123, '2025-06-15', '8-5', '2025-06-10 21:57:15', '2025-06-10 21:57:15'),
(22, 123, '2025-06-16', '8-5', '2025-06-10 21:57:15', '2025-06-10 21:57:15'),
(23, 123, '2025-06-17', '8-5', '2025-06-10 21:57:15', '2025-06-10 21:57:15'),
(24, 123, '2025-06-18', '8-5', '2025-06-10 21:57:15', '2025-06-10 21:57:15'),
(25, 123, '2025-06-19', '8-5', '2025-06-10 21:57:15', '2025-06-10 21:57:15'),
(26, 123, '2025-06-20', '8-5', '2025-06-10 21:57:15', '2025-06-10 21:57:15'),
(27, 123, '2025-06-21', '8-5', '2025-06-10 21:57:15', '2025-06-10 21:57:15'),
(28, 123, '2025-06-22', '8-5', '2025-06-10 21:57:15', '2025-06-10 21:57:15'),
(29, 123, '2025-06-23', '8-5', '2025-06-10 21:57:15', '2025-06-10 21:57:15'),
(30, 123, '2025-06-24', '8-5', '2025-06-10 21:57:15', '2025-06-10 21:57:15'),
(31, 123, '2025-06-25', '8-5', '2025-06-16 17:41:19', '2025-06-16 17:41:19'),
(32, 123, '2025-06-26', '8-5', '2025-06-16 17:41:19', '2025-06-16 17:41:19'),
(33, 123, '2025-06-27', '8-5', '2025-06-16 17:41:19', '2025-06-16 17:41:19'),
(34, 123, '2025-06-28', '8-5', '2025-06-16 17:41:19', '2025-06-16 17:41:19'),
(35, 123, '2025-06-29', '8-5', '2025-06-16 17:41:19', '2025-06-16 17:41:19'),
(36, 123, '2025-06-30', '8-5', '2025-06-16 17:41:19', '2025-06-16 17:41:19'),
(37, 123, '2025-07-01', '8-5', '2025-06-16 17:41:19', '2025-06-16 17:41:19'),
(38, 123, '2025-07-02', '8-5', '2025-06-16 17:41:19', '2025-06-16 17:41:19'),
(39, 123, '2025-07-03', '8-5', '2025-06-16 17:41:19', '2025-06-16 17:41:19'),
(40, 123, '2025-07-04', '8-5', '2025-06-16 17:41:19', '2025-06-16 17:41:19'),
(41, 123, '2025-07-05', '8-5', '2025-06-16 17:41:19', '2025-06-16 17:41:19'),
(42, 123, '2025-07-06', '8-5', '2025-06-16 17:41:19', '2025-06-16 17:41:19'),
(43, 123, '2025-07-07', '8-5', '2025-06-16 17:41:19', '2025-06-16 17:41:19'),
(44, 123, '2025-07-08', '8-5', '2025-06-16 17:41:19', '2025-06-16 17:41:19'),
(45, 123, '2025-07-09', '8-5', '2025-06-16 17:41:19', '2025-06-16 17:41:19'),
(46, 250004, '2025-06-25', '3-11', '2025-06-23 04:34:58', '2025-06-23 05:20:59'),
(47, 250004, '2025-06-26', '8-5', '2025-06-23 04:34:58', '2025-06-23 04:34:58'),
(48, 250004, '2025-06-27', '8-5', '2025-06-23 04:34:58', '2025-06-23 04:34:58'),
(49, 250004, '2025-06-28', '8-5', '2025-06-23 04:34:58', '2025-06-23 04:34:58'),
(50, 250004, '2025-06-29', '8-5', '2025-06-23 04:34:58', '2025-06-23 04:34:58'),
(51, 250004, '2025-06-30', '8-5', '2025-06-23 04:34:58', '2025-06-23 04:34:58'),
(52, 250004, '2025-07-01', '8-5', '2025-06-23 04:34:58', '2025-06-23 04:34:58'),
(53, 250004, '2025-07-02', '8-5', '2025-06-23 04:34:58', '2025-06-23 04:34:58'),
(54, 250004, '2025-07-03', '8-5', '2025-06-23 04:34:58', '2025-06-23 04:34:58'),
(55, 250004, '2025-07-04', '8-5', '2025-06-23 04:34:58', '2025-06-23 04:34:58'),
(56, 250004, '2025-07-05', '8-5', '2025-06-23 04:34:58', '2025-06-23 04:34:58'),
(57, 250004, '2025-07-06', '8-5', '2025-06-23 04:34:58', '2025-06-23 04:34:58'),
(58, 250004, '2025-07-07', '8-5', '2025-06-23 04:34:58', '2025-06-23 04:34:58'),
(59, 250004, '2025-07-08', '8-5', '2025-06-23 04:34:58', '2025-06-23 04:34:58'),
(60, 250004, '2025-07-09', '8-5', '2025-06-23 04:34:58', '2025-06-23 04:34:58');

-- --------------------------------------------------------

--
-- Table structure for table `failed_jobs`
--

CREATE TABLE `failed_jobs` (
  `id` bigint(20) UNSIGNED NOT NULL,
  `uuid` varchar(255) NOT NULL,
  `connection` text NOT NULL,
  `queue` text NOT NULL,
  `payload` longtext NOT NULL,
  `exception` longtext NOT NULL,
  `failed_at` timestamp NOT NULL DEFAULT current_timestamp()
) ENGINE=InnoDB DEFAULT CHARSET=utf8mb4 COLLATE=utf8mb4_unicode_ci;

-- --------------------------------------------------------

--
-- Table structure for table `fingerprint`
--

CREATE TABLE `fingerprint` (
  `emp_id` varchar(50) NOT NULL,
  `finger_print` longblob NOT NULL
) ENGINE=InnoDB DEFAULT CHARSET=utf8mb4 COLLATE=utf8mb4_general_ci;

--
-- Dumping data for table `fingerprint`
--

INSERT INTO `fingerprint` (`emp_id`, `finger_print`) VALUES
('123', 0x00f88101c82ae3735cc0413709ab71f0a6145592dc8081c12daa430ca6ca5f8837444573e19086db27d999c60d6b8692f8ebbefda14f80a860df62b60f96a655f566d075e048932947bd64ea2010cdc5b53bb01b55d0de6d097d900388570885229105bcf3935302906ed4b6d74aeb095fff34f018ecd3f5efa6941ecf91920f1c3bb73d285df1d7eb12cebb61f256064553cfd8535328e06c1e1259cb159998b0307bdf9a5901acdaaf20941f0e21fc60ebc03fbe6559adba2a4281040e7e4a7a3f867ee75876025cef087a6619f975b39a0fea03ab71d9bfd38d96f700a8a3ca7b4e66004c0322aaba41ee1ee4557b5145a15ae50a5ff0d8fe62bb7772f27c43bd674bf6ee4006e7a616a647302c7d75dae365f363153c3079de9c8434884020092bcf5843d936344d7582b94153e0cc051dfd939fd268ef47c00895f606744308be66ee22ab2def3b368b0a18979336c939900ef9e707939e80bda85e1f6d4b438cae9b807e86db69bdcf0948ed5561e3486269edb590843fc99dda3d28be244fdd96f76f00f88101c82ae3735cc0413709ab71b0bc14559201ce0502638833c69b8938070f51786cb18ca5b12adb2ff905e000d5a206896a83a2de3f8882196f1a7c3090957b8feeef16ea1345a470bac8f59e8bbad2216c88f0bce1b5e5c1c7d1b7dd96ec5fb780b2d933d1c76d44e10179539e91bd038665beea020792890a7a817e936ec6299d0f4442ff32a551b9e95bd9760a607f5bee7e63f5e6f8e1d6e6f1768483ea2e5fd0e8d46551756da81de7b55626a6019a1540de9d9e55f4020d6c9e4b9baf4f355f5a216f4cd61fedd262a9ed6a4093393313813d34211ef9ff6d560639bd5818db23d02d99506e996d28375d47e465fe4b15d2efd2cb727074b46a283b955db2146598a7b16b14459ed7feb043fcaf06f18ecbcd244167d549156e523561e92b97d48b5c4a82fd6f6cec10ebbca51ab8607986d909d9b957e4b708e247abd64347791b363d86520e4fb731ee145f2a210fd3018d0ca38c932c970352afd92177e210e927b213a1850986051e7fbff6ac812109c4402bd159161c22eb775600db8f6f00f88001c82ae3735cc0413709ab71b0e114559279f873764dd9801ffce85ebb2c83d4933052c67f26575629f01457dbb78f40513bc975eb1df3304d48471f82c70f136c29caf6fb43fe2014c45aa163f3adb44454da0939b3935a0e0f998bc78b63b354dd5dc5efd839ce3be2ef8f90e4da41ab2bf0b6f965de1469c794a91b9c3e41ac046ab4c92795a16b82cfe92b0c306f751409a83c440960cb3b35b694f012cc8b4b7565edda5ae96963b0ed5e220ef5c5ff959fbfe238a05d66d0a7e1ba888d3b25d3e72c053c3d83b88a007a037706ff116f5f8e0d8daf39b771047da6cb84d5915560bb0098b1da627404c8c9e3d19e76bb0afce8173c0bdf1ecc3f937506c1a86811c5077a0442b4e49d1d42f05f5e26999c57ce8bd0f17eeef9698da9d3bd92afd7776ac59988d781c8ffd0fa6f1f56fcf536d7c8c59fa11b66bbc2b1f7e14454fc3b29052143a16f9dcc35a4be87d60d40ca8ad74f811c9044bad7bd5b4bcabba996722c183b3c0c73457ce6237720f1daef67e5afde645d41f12a83e6546f00e87f01c82ae3735cc0413709ab71b0ac1455928ccea1b277e99d6de3b6d0452718f97b7e5a327dd7cc38e659861598b3beb55c34b036bccf4bcc19c0df603e150dd09aec7dd35482412c48b1ce015f1723d8bb1fd74a6204a615ee1ce16c172bf04f1765db749de246949a113ae3d7d1a542f2ed67f464e9ee4979fe3a314f7096751738e7b0e97cb997126499c4b6f1fa3e86880e7e1fa50113d894fc59df74430c04c852dfeb13b30a1eda93f97385b65982413188d480e0a5a3d447bf28e4753dde5d376c2a85c837641017b993282a28cbdc745b5cef0cba56985942acc4689466b3263fc686198bd10baf2f248a7d6caeba6f1bbb0f16f6ed8fbf01ee8f2c275dcaa22546c0234cdfb1d24a5f166bf907cd11cd1245fbee15f9f0f0888ef4ba5dc2d759e508015a01b4dc5e0cf2f3516f7f1082fb5944170fdcff71900272df83109c7c70ed445a22f0af143b1b6caa78b38ba70981b503f2355a43ca0aa18c1d8994df587853df1f6ade1ab24218dd34e981b504bc5e34bb32688952baa3986f000000000000000000000000000000000000000000000000000000000000000000000000000000000000000000000000000000000000000000000000000000000000000000000000000000),
('124', 0x00f87f01c82ae3735cc0413709ab71b0831455925d8dabd8200bdff75a669de9d876898c8c0c5c20890cd242df9b8a01d193d5a0eaacc72ec27e8d6428af4d06be3c246f867cb3abd4d1528035b9ff33a615d3389c5ead0d024e24b4a84d4d881e088b195ca3285b2cec28788c32cbe8a43c1acdc18980547b7d1ac4c9b3ea31054cc4ccd082dc9f4c4367619385d2c5eed70e7d0ce9322c50dff2ef1a1d681799eec611488e7a0247ec5fd21ea68d579d9fd4a35bbe17fd1fcdb6fa5792db043591f7539caa1e000abbdffb4439613effb652162fda5465f842d1b23a12b491714433b141cb8195b8af8d484e8de2eabd6c1c7a6778643642f83766e40c3675e73212faeabccd41beb9fe84b204dd26db6d1a0c4e78a511e8505b7c1333ea577c1fd383aea2faf394b4645285ceac4e07f8baa3a0c9d038e2357b14a6fb74c06d6b1d70c65b78f0793277257fe0c908c3d573e2f31f8abf48434f4bd650f829f8af7c71a706381d7e2a725bd755ae56db21cc1175e19c1a537107604499f8c229890b6f00f87f01c82ae3735cc0413709ab713086145592dc14697e14ad80c27b6f2e808230de9547e3fb746fabfcc25d097e27561ddb10e443e05f7d9ef82b3faabe1acdb55242c1300bda62de9814148ddb6d1faa1cbb66994b2320bc4a1d153469bf9a8ad3ff532dffce5a1c062669a8258c68bd29fa664d44abe784a6aaaae5a917ffbff185e4aa473ad0b5ffa1aac715385ac155a0f4f2d5edd328b25f625bba837a1f1aa3a845993902b26df9aad3718e27595690611432ae000d888a5e4bdba2e32064f635ec6488e172a229e4d4ee3e92f92a1a64b8dff68ed06cb4bd7d27961e92ba35bc7e613974a8f3342e8440413c30b6842b78cd0a7c08ce025efe48b176a8ba6d025e3d74fadc4779a9a275bfc98993f80265bea64ecabf46c7a9acd856d1a4a128f4c2350af5b735086ffcf5d8ede8637a01c4805707ca24ddbbba9d2db597502989f50f98fcddc54bf9fa7dc9445765d3936833921a771077d4aae1ed6acd9dde6fe0f40bb62ebd530c19b112323f5faa1bbf2bae3f90ed7b2ab7d64dac7d6f00f87e01c82ae3735cc0413709ab71f09e14559225abc3d53ba562edff1d721bec1ff5121af7152dc60d98b327eb08864436dfdc5c4b71e61d48d8137d2ad2d48c6547400cead9eba49672de73cbfe66cf172c1c0a9d23af16919686adec7fbc1c4d3eadcfb279f1ee8d90ac30489b36d476fe7546078176445dc4d180096c1a1aa5a7a05377eaf2da8c264baecf53d234f945aa6519f752ad74cfe9ada885080bd553f6b3ca50bb8d47146cf72b2ec2683aca7a998b386243f0899f1d62471e0f6d4798ca6d3743dc92e9237669a5981438ddfb32fb73a0078d20e5abe7f19cfaa8758abbca8aea2001c0a63722776dac17134b1be60b1f457e22e8c0fdc33af8a10c2e1f0b98c739853dfeaeb8d1c8c92c38a226b5379b6503305a3504a7b7ac6eed87c3c9e37cf18685e4f97c250a9aafd248afd0294810454f54897da7c4aa7ed90feaa9d08ea67de357cdbbb89485480d5a614312f3ca7c8a7d0eb7bb7b718ea2b62cdce7e3f30c96a460dfe4624e257de02df9c54cd36047930646d2496bc16f00e87e01c82ae3735cc0413709ab71f095145592abde8fc3ab927399cdfd01af6ebcbf361dfba5c79974e2ba9d59760622d0140e3189302d69b76c65fb93cc0e5d418120171f1eae4df45c3e693d6202ef0869b57d4200f82700b9487f95bf4a216f2cba0f06ccfa6a2f1030c4a947240fc44863b02288dd16bf433eee1d3fbcce2ccb38df8e0551b34a61fc5c51fda3c3ea814a8c04c67d135e70ab554471ad34c02d71f354221939d4cebe7333fe798e369d7735df1c5a448c31900749cfc3c85174f67a7d4238c24afdce97c021ede34b7fde317e51249fef8bcd61cac01cd835889c4754434908c214762e25c24a3a938cff4873040aad953206f6d6a726b2789a4047092ba28265c63a160bd8c71f5cc0eb883033b1c246e1f7b57f219ac4a8ce632c220371ad80cce37c79ae225077b9e9348f099fef72ba98829fb082f68632bfc80722f286a74afd7d097cf1d0ef0c33efab98856b1488361c5c8ead91ae4e848ba6b20c50f69333584a9d05a09e77b8d6fe4fa91be6c9463e4bd84bdc376f00000000000000000000000000000000000000000000000000000000000000000000000000000000000000000000000000000000000000000000000000000000000000000000000000000000000000000000),
('1414', 0x00f88101c82ae3735cc0413709ab71f090145592dd02079cdb00123ca9a13f09a95b4872e5e61d3d119b5a54bb42cced1385ebc766526c50e63b14388cd8be3622d79e8a06c9b1909af8d1219bc973c723937e1d931e7290429487507f6fe348250f4f12fc0327c89668847eb93d0335f86164f91b6a47f57e83e854ccef36660b951c341c68a340157c905933779c9556a44504df221c4b64432e93f309ba310d9b24eaccd7f4d6c125dacd3ffe68a6c94756928e6191e7ad82241a94e8602814485d858ee28401829593d56e3eced34c2b40c92844f5b8bc14dc6479d807d460e262c3bfbc6a1a8af1910dbd546c7d99f2fbf2ec60f690f82b0324236cab972aca884b2616148141c6a4f9371774c912e9c95022388a91cf459666e797cda2f9a3dc5920dcd93646a4628d4c06ff6079686066e830d31bda0c08d8fd1c5bd24ae19314d31699ba4982b8a8bfa3e45638ef730701b99542c081382781f4f71828cfa7d8794672c9338c084a64c499f0ac61b5d7b6f1b58044cba771b2a6e8a4a426b9b4d86f00f87e01c82ae3735cc0413709ab71f0a31455922e6e8df8244ac4e242bda3c2be28dac13b5082d7625a2a35381568e0b9784e19bbca1f2f54ef936bb62184b54598fdd01561c46b37d0a2cdf5a7e680aa754c8c6803ed4aed5956f8f01763fdbbfab4f52ec0e6e9feb8cfb8eec41637f7c4e9fcdd48b4c64e758b228cea40f84588927f001236a1140ba315419a81287a4f987b806e9fd6d4bae9cec18352872775d74ee1a65ecc9a97a98ee95f7c31b0f78f95a5b40cb259eba3b75ee0ae312d582321f473948ea500dddbd36360aa3d9368b01acc43740ab2b889d1bb4ee7420e1ffd5ea4a286b7383a3390cbf78dee56e15fe738add72ea506bdc2335051be3d917e1bfc006bd1a81882135401ab39634385910a52563b5a3e5b10920d93f800e53cc2487c2b8c888720606b9fd67538ab7446cc31b6b0417ac28f088de20c70fa0f6060f4d0cd2f4e5a82997a764e4a4186743b87e55b68c6718bef50487e275652ff71e591881040cde63ac1774bd072597a1ca4d06d2ad984c3a56a9252056f00f87e01c82ae3735cc0413709ab71f0af1455928e12febaa0f7b0dc9e1439f7e3ce78578e2a32f352bc1f20949bae4147c40340d9c662ade22542d4f262390713a1e34bf654b7ae0e40a62fc9161906ee76e0e435e4a326c1b37eba11d3d9c31396c815593fbc9541dd9227df3f9794682756631032afc41532700c8d9f647f9edc6f434a66f2dc970f4273c8e30cfd3092e53e8d9a53666615a17366fec460915644958a727938687ade9e568b7a8fc172a63e1a6900d52c45a69c51d1606d71d0ffd45661adfca984704923ab563df441a0c29805c9f9fca9626d7f92659a3896c7b0a10324ac0d67ec942abe5140a351604752630d444aa34f36b9381656e27a3cb05b2ef0c446482331b16a295fbe6e28327710814467bcad00bbc9ab3ecedf1cff0efe19b31f411516a7e1272deafa37f4652941f1f75cb02d03754a8ad33f2d6c1eb73ff40adc8dfc165313082254915ebc3038b8241ca8848f8f39feacd2a96546e248443f4b800ba52c4d453905199606eebef72f545c9c8980510d32f46f00e87e01c82ae3735cc04139c2ab94fd461cfe44aebbaf4176f1d4efe03651489ae6d4f0222d47b563890e83deab8e2561464049b489906f3045a68b08629c3379bf16577a93e372488d96d118a6668cba6e5c72bdd5adf5fb9d1081c960157d1242bce46d0e4ec5d0a734d78f023e2e66377db98798b69c3e96fc221e634b14eeb7c02260596e319a8e4881238b88f53a34084e2deb44eb7e9e9f83952400b2eac8ec23949a42cb51d3889a0ec66c0b64bae771d5e80e555ea19b33f979bc10c989ae7231a5e80e06531d84b4336fcb54ac9c42682d89f0713e1e0cde4032fc7016943aca69a27c56921a8ecd4f2bf5f1983e9d77ea68b1cefe86ce89257aa72fced854d5b6c080cec505db9ce8e9084c19d356dfe7f683a73b8164478881e308b07d59996fccb9e3843eaa41decfa614f2958b510a4649f6791515b14be0e184798240be7b90cbdafea94c4f491e636b63b5e78bcb9c844510fc4a691f3b21ec3673fb5fe96f0c3fedd35dc02aaf23468dbf2ebee7351b07ae9ac612dae8303a8c6f0000000000000000003074b2cbfb7f000000000000000000001003000002000000320b000011030000020000005b0bffffffffffffffffffff000000000000000008000800000000000000000000000000),
('147', 0x00f88101c82ae3735cc0413709ab71308714559268cd4b7bb6368e5d1049235186a5b1a8ecd2f4e8fed11a82061ae274e9683839976811b5b4dc0d03eab6c5d8f51be1dd02c347ba7edbeb53898c4f5f77a017da2642ad3f3332b3bb8610fc37aea72d81894d437c4b9d00f71d26586f21de025c2a03bcc84ad9765aff4f14a2129ef1ed81ca2b9e8c733bef83bed45e5bc9e4bff6a9f9a5a64d7152e2e11630638f446e47f9a3fae372061e067c9e99ce0497c716ec7565fbaa841dbf264588171d60884f6e3fce975d0fd13bf0adfd6d2b8b735b0e12b91b14c743b85c909f414b078ef826e05c95af98ec464376778100851e6b3e05635fe82e130d727eb8bf5d067acca810b42b0a448a516b9158bce6b9ddef44a9699dcfc15615cbe81ddfafdf8ab2b6e2f34850946621715c865f1194b611c4e02466b40ee2a5835471ac64c83f5f555725270fb31040c6edc90a0cad0c0eec3b2307f2aff35fe731eb4c54a52a533ce09343c33fdf6bf7338de231c6f71b2295b54469faf02f57e97e46f1e5fa4f6f00f88001c82ae3735cc0413709ab71309714559276582e11f7fd31d807fb8fd0ab94f8faceca2649f1c05556cf3609612e77eb5fca8ebbbf2556224759834cba2f6c25bd92a6a07b35251980511456cabe00b003b6f4a723529c2ec0fccec23a9f6d2e362fd34064a464a9fef5ff703360f502e3de70cfd66b2f3c6f530291f1a17d77c83e23020307419a046d23c5984d53593493d18aa4ca3c703928f9798cc7a6606d5e23b9a15b2982ffa9ee955fa70b07122ffc5286367e0d445a76ff25050f440944eafc7b1777e3304949e36434c1d760745e334951775dc7df0a5b8d0bf2c4d863e9f9e910fabdc089c7e5da2e3ceca70b635e7fe11365f6699d891324e1cb7b23d68821104db633d1d5bff4901248f80fdd35f837816d414d6b9458f908aeb981b3fcb7b8ba4c3b89749e6814b41a42ecf9d26e0303fa6422bc448b87050b963f60a408159fc5642d31fbd30dd524cde998133badd83a46393ff52a75c1bfc36617f01dbe20c5008eb720c0e5c0d6bd5d246e0c15f230293da52d9c535378426f00f88001c82ae3735cc0413709ab71709a145592b528f991a04b4b4331da8209d542d5a43372c913918b09608ae38bdd22fe97701c595a638caf80cb0abe43625fc0628a5fe4bed56047be99d844df3f38906f9eeec7f28de84d877e148870345b37ce3f4cff4864542de57a287a328c4f7c5204415a39381f74e13edcdfad0bea27679cb95f2dbb03481c0587d1c43ded2969325bcc49afc8d6fe2f291ecab6ef4d857505a8f20b3d5def1370cb42ce942d2cada597cc4cb2f64d19482f1c77baf7abd7b65a2d793f68b816fdac119a29f1989418fa41ff5415f3eb9f29cbdefad321fd51e8c15336d8fc3d25fb08c5b310353266effcce95b04b8b3aae4ad7eff2827cbcb143e9eb9563456af3ea64af9d272f0179bdbe19f6f5bcef0ffd6b64d322db9ea31a3ac2c4e36290ee46b1d41be486b6d3317096a393b811a6370a19ec3a6e020ca74c49764070278ad7786e7982bb95c7189c796242fcfcdca4048941afba2dc58eb76880f48ce49beb579a3876f57b5b2ebd5621c5de36f6195e388e75fb6f00e87e01c82ae3735cc0413709ab71b090145592e210bd391daa8818fa3c01fea1ea4fcc34a63d41a4022ec25ff949e93c4d6ba38dc1e25f8b2b49fba1d8b2836b581078d060c666654347135f227c4ef0b7d9f004c2acb0f73792a1a0239cf56ada4831b7956a3d19096a65f7a770e2466d55ccfb90c37f5783eb3417a664d2c84dcbbdb9afb8eb44353ae87fb098291a35637cbff6cbcdb58c9eb8f9393ab532e2a0ce6943d48cadb0ed1eea3f65601712b9fa8e5f621174b90ef52473fe3cc52f980a0d9a38b37780718f30c2bb1a3e73f1df041d26eb55bcd6b9891659a03684426580f0990453f6e3694551ca0b155b276290efffa68909830f6ca3a9a74e8564cd8f0875b855c0bdd423da61d515a5b15c0fe4dc5f345ebb7789b1dca7f2e2e3a0991de27b50f32667a06c623c62b9faaeffb17dca467aa4572e78deaff5e14c24ee72327d715f23b46b7261dab0dbf9534ace44409431d6f6f431fe68cc76926a81d320fdd66d0b41b488b80210a56a9e75e9abd05b81190e93c91329f7566f000000000030743b0bff7f0000000000000000000000000000000000000000000000000000000000000000ffffffffffffffffffff000000000000000008000800000000000000000000000000),
('210033', 0x00f87e01c82ae3735cc0413709ab71f0f4145592b60109e0f4847ca751b9e9f3598535e0bf957d36792b3fd481747e09e9ecfd97627b77ad664f20362403a0013ca0742bdbd445bc458a62dcd5cc30eeee167f088cbea204572f2cdde1f4b128fe8dbf294adfd9b83bd70c00ef0ce430fcf33ac55ab2dabe8115f9114a51c22c52bc23e2e75b2f39b51ff7da750475756a3cde8152728c82e4e45ddbb6ca0425aa293f2dd0eecb6de8b1334634cd12f9565929637c6fb1335dd73ab20ec403ffd3ad57b162ec6c74882588c14a9574035f8d2ddcaf910c5f9f908ae57e678fe66eb4621861513abc5257c389b5e384ceefddd17a4625ef22236fbacf187277ee6f574fc335fbb2bb94adf92d80a005886befd0ec56f2d306ca3b7e730c25d587ff53c32dbf26bb2b3d360f41e7e37fb6e3bc6a426c7aef91b9250a857d7642f4810c37ffa22aaa3d0819dde109d127b48915c63b971160104ba6cc81041b85480e8030b75e528bc63f9c6f280b3b8ce809c2c274f0adc6787947c11e7bc067a3c9856f00f87e01c82ae3735cc0413709ab71b0e114559279f86c0be4dc8b47639899abba53ec54514265eeff24a9ddc781c2c6909c7e12086127dd08dffef0800311b0b164e9c6f1cc0c281b283499442628253ace391d640ea26ae25d3fd64c6341d32223dced767525259711db1dedd50363ef6d9fbe5020d44715d1efff8af4f472750a285578c4307a112de09c761a055b6f39b4a33b7a91568f4e772fc62dc998a33658e07c90cb08d08624160a92c88e7a3fa2afa52f6e597a8b163a0cc7f849d096252e735dae14fa7b813d8ab14d6bcea789073718f5fb6c3d707064a4bc678d35463d280d5d76e146b8708e0e49c3cc3b9d44d02d34c6aa902c97b09036e5b9f6530f7f26d17d44c3b3292f53efea6094667e937453d0cdbfa24493d9607275715c944876da2e8d01e7cbf972e1b16644ccca6a3f2b1988c4f180543c657062b94681ad6e05dadbb067e62e80c572d39c0ad71d8ed3264d9c0e5c8c4717c5f9c703fff486c0ba7e88d8415384d14138beec42b81bc596bc9f184fc2f846d3552f6f00f87f01c82ae3735cc0413709ab71f0e9145592b20fb2b2733f4257e2a03965d3b422314476e05a15cd1168f2ec384731fbd8f38e5f923c1eafa448cb2335977d1ff8e635454a768827afa5d4ba236df45f30f0e203128fdbb709bde932acee30b5ea702e6c8453a1d4f5e9dd4f590fe5f804a341f5003a77044e17441d40958a2e7dce8d9d917db1f8c41163dca151e23157759f97fd56f1acc455ba744dccea6e116d0bc635eb99dd3972833deed7455a945fb1f3f28708b5708c89e1340f6e480b7fd2c7cf37b3d840e8bd412a1dc5f501d7cca89b26cbcab424c617d4b7cf3964966c91f4ce8af7b42ce44536f4252769adc699ce52aa493298e7680296e67e8d39116a25b6ef7f4e528cf95bcd786306437dc40a221f4a95a15fcc42a258df2f360895429a4815c6727a1feda461725610b34eba238b6eaf0da96dafdc0f32d4e155ae3f8b07c05e3e92b247e78139d566d8da2e68121725b0b1f0654aa5d4a314dccb664e1654de8546bdff0df7be77de939057fd78ff573205264c2101dd386f00e87e01c82ae3735cc0413709ab7170e014559285fe9fe89f4575a5d5110ed75e814f833eee987f5d39cf5177f712cdea47db4b08e763ad3e1436ff72d46d9943f8ad3653dd7d8777016c6c5fbbdf2278be4207287c7ede3b3639e1df03a0f2c6c230458f788227b7aec5b7386d1eea8b85a2b487169706fd261a919e650c811e1193a88e88a306aff5148ac081bbd3114c40c765bba2f49d839db0b6a33a807d87035f833f4bd4c90f04d8b64d3b15c60f0e873fdbd3e68aad6fc19277d11543a5a6ca2355c9e24bc5590770254e9195ee7586aad06ba9dbf65bf04fa8c915a35c4a0d77929e3c4e337b85a6d52a668fa9a3cd8e13dec88e6a95754b528f8c6c3afab8d4d960c3c80b6ed35e1e9b1ce9facfe428bd23d7a010bdd0f3a73e8193c73a20dd9d0702425cd625481ad74a8c4bba136b3d0b38e3dd6c3e63783b88149f478492a303cc247b1bac55d7016903b403030d2f09b7ce12a7408f12004e9dc77a6b2cbab28b1f1c5c99ab1182b28b87ac9ea6503fbec02bbfbcf01b00dde51e6f7f000048262815fb7f000048262815fb7f000058262815fb7f000058262815fb7f0000282e2815fb7f0000282e2815fb7f0000702e2815fb7f0000702e2815fb7f0000882e2815fb7f0000882e2815fb7f0000),
('250004', 0x00f88001c82ae3735cc0413709ab71f0ec145592087dde14516ebc11de1eb3021e6642c953765ec1b7cd8a839c170b6b1c82a3e0f8d81a798d07866fdf02426fabccfe54442fa18d0e633b49d195c19f559bc8736ff1b450fce370f50f4a6e8401e549939a59ea835fccf1ca2ddaa4a7618a0bdfeb00adee248513ebb10c8d933a31ac1d6df089763bc9ee47ed283fd2a4f3945927720415f60a54ff06517e0e8104060221b778304ab31d111fc89f3213c0c88e9351c4914a4a817970e9462b53e6c1f6cddb60541fc85652cd50ee8a85e9d8b5109b28f31765278080cc3a51274cb13ca85e1ed1cec6fac2aed7a4222e42408a9d78fafbf6bc78f4cfcb18c64988c31b90abc8af65c590b733e3d784e48cbab16b2680fdd454064963c5065bb783193ce2737562fe27084b6ba3105fe65d2f9325778edea1216ed10f16b4bf3f9e66455d8b1389f1ddc8bea7b752307dafb6f222ee5ec97df781e1befcf711f9f397bc41b33a63b3ac1cbefa4399f7820f5d718e535a9ce43c5e229edd5bac89e50b4f6f00f84c01c82ae3735cc0413709ab71b0ef1455925af9e3245ad0ee97e1cf166f7f10cb67ee204b8f69f683cc5dbc0e93bc3dea4a4d12eecc50bb4bc3f5654a622257e83b0a6a8f20e044b9b08bb299fe4f1343b0524a4fe3716eeacc36c2b7dc55bc571c4c44f06189047da60e21ba60417f2d2c583f9cfdd738eaee5b90aa2560a680e01d46dfb315465ed7968b9f5b60ff3536631408d562cadd6ae7ae059b15c6d4dd295d249db7d1d1ae4c2c7f7416bd8e27902411e6b4e44a3c445ea687d349fea03c62691cba96256f926e62f226f61c06033d61e5f7a8fbe8e291b7e2f863cc1404a386e3cc00fae26776d900f9cb5b7fe88f2673cfb6a6a5c470e3ddcdf4cff3da78c5e6a2ccaa494492f8fc500cb5a380844afeb1362193a1817569ae483245a86e3d4798b237e8a0ee9002b6d44db17b2383dac892e18cc4462433bd2a9b44a6bcd2c15ec91ab78aaff39b6f00f88001c82ae3735cc0413709ab71308b1455927f5e236f914f27367ffccdfc69b149178042b9f36b2c8f60ac3b1f44664e4d32ebee93b932adbdc07f4aa8bbd1cfb0cd53866779e3dc2ad2dcb56dff8fb3c3e3d1c51df960462cffac320cbb4b01551aae81cc5ecbe969eabdfd827b295e5f3f8d700c68c0f35e482deefbffdc3233e96135fd432c7d13e8e2cb71363ccd36183a20bf78668164df47c08be31299d1f82d49b7c0d07ac377d4c566ce004c4083d754d24a512e9d4903b146f7b9056c664cef5c55f9fcc3e48c1da1ef66278e4435a733b0f32017465dfeca371f633dfa7813133cba03d5d3423799e44eb3750bb287b07ce6e5ad030946cea501d0224bc186f46f4b9a6915d57077798cc611f330389a0f11ab68dbf4d3cebfed722c4ec2b8eefe899dc521a6b44906d21ad0c48e340a6d6b427e18a0bc68d8229f8362def2bde0aa3ef5d94130c27b605add0d49b4b4b271be8dc0d52920eb524bf8db3a953b8bbb99c242a164f8fa70297a60818b94ccafd482adce93b9b32fb577bd6f00e88001c82ae3735cc0413709ab7170d714559217a153e8daa1ea77cd4c7b6359c9c024c74292832c122003a0386aa2662e795b15d9dae44f6f02e03aad33c0b59b50b5b3d5e4ca8b4d6f8eff225c6f15ce6617e867a7bff5aadb5edff7c671341d1172bcfb2dced190b1e36234cf099bbeaa0fec08fca514e54250e4b04ba23a8448fe3abe741c1409a1cb92af484afa4c97eb2457bedcd574dc9c1020fa4a0fdd647bd9250f79cf278cc581c1f2287dc8189fa435f9a66fecd5fffbe877f1767d4cdf8f601944a384e79ca38be77797efca4f624eb2e6de1b6de6efdb457c5c46c8d85b89bba6530ae4fea21eb86302fe93469dd351ea90e7cf88b767b740bc78b7c142d06befce089ff4c2bac196788462b74e35c0526d761dcfba8b9a561537bfee65f3a846cf9a7800908264711686e1edfeab7eb6fc0640bd8a74dc7999e304965c381731c701c884f2aa7e7dca16be515fe0424cd9a98acb5d1d196b1fb4a704295d8f480ef958a9879445d563c6099153d459cfbcaa4ba961f3335a346cf8e76f18eb1dd5fc7f000018eb1dd5fc7f000028eb1dd5fc7f000028eb1dd5fc7f0000d0f21dd5fc7f0000d0f21dd5fc7f000038eb1dd5fc7f000038eb1dd5fc7f000048eb1dd5fc7f000048eb1dd5fc7f000018f31dd5fc7f000018f31dd5fc7f000060f31dd5fc7f000060f31dd5fc7f000078f31dd5fc7f000078f31dd5fc7f0000);

-- --------------------------------------------------------

--
-- Table structure for table `holidays`
--

CREATE TABLE `holidays` (
  `id` bigint(20) UNSIGNED NOT NULL,
  `name` varchar(255) NOT NULL,
  `date` date NOT NULL,
  `type` varchar(255) NOT NULL,
  `description` varchar(255) DEFAULT NULL,
  `status` tinyint(1) NOT NULL DEFAULT 1,
  `created_at` timestamp NULL DEFAULT NULL,
  `updated_at` timestamp NULL DEFAULT NULL
) ENGINE=InnoDB DEFAULT CHARSET=utf8mb4 COLLATE=utf8mb4_unicode_ci;

-- --------------------------------------------------------

--
-- Table structure for table `jobs`
--

CREATE TABLE `jobs` (
  `id` bigint(20) UNSIGNED NOT NULL,
  `queue` varchar(255) NOT NULL,
  `payload` longtext NOT NULL,
  `attempts` tinyint(3) UNSIGNED NOT NULL,
  `reserved_at` int(10) UNSIGNED DEFAULT NULL,
  `available_at` int(10) UNSIGNED NOT NULL,
  `created_at` int(10) UNSIGNED NOT NULL
) ENGINE=InnoDB DEFAULT CHARSET=utf8mb4 COLLATE=utf8mb4_unicode_ci;

-- --------------------------------------------------------

--
-- Table structure for table `job_batches`
--

CREATE TABLE `job_batches` (
  `id` varchar(255) NOT NULL,
  `name` varchar(255) NOT NULL,
  `total_jobs` int(11) NOT NULL,
  `pending_jobs` int(11) NOT NULL,
  `failed_jobs` int(11) NOT NULL,
  `failed_job_ids` longtext NOT NULL,
  `options` mediumtext DEFAULT NULL,
  `cancelled_at` int(11) DEFAULT NULL,
  `created_at` int(11) NOT NULL,
  `finished_at` int(11) DEFAULT NULL
) ENGINE=InnoDB DEFAULT CHARSET=utf8mb4 COLLATE=utf8mb4_unicode_ci;

-- --------------------------------------------------------

--
-- Table structure for table `migrations`
--

CREATE TABLE `migrations` (
  `id` int(10) UNSIGNED NOT NULL,
  `migration` varchar(255) NOT NULL,
  `batch` int(11) NOT NULL
) ENGINE=InnoDB DEFAULT CHARSET=utf8mb4 COLLATE=utf8mb4_unicode_ci;

--
-- Dumping data for table `migrations`
--

INSERT INTO `migrations` (`id`, `migration`, `batch`) VALUES
(4, '2025_04_30_080051_create_payroll_table', 2),
(21, '0001_01_01_000000_create_users_table', 3),
(22, '0001_01_01_000001_create_cache_table', 3),
(23, '0001_01_01_000002_create_jobs_table', 3),
(24, '2025_05_05_020755_create_employees_table', 3),
(25, '2025_05_08_062755_create_payslips_table', 3),
(26, '2025_05_08_062832_create_payslip_earnings_table', 3),
(27, '2025_05_08_062904_create_payslip_deductions_table', 3),
(28, '2025_05_08_070545_create_payroll_table', 3),
(29, '2025_05_29_031148_create_schedposts_table', 3),
(30, '2025_05_29_053147_create_holidays_table', 3),
(32, '2025_05_30_014838_create_employee_schedules_table', 3);

-- --------------------------------------------------------

--
-- Table structure for table `password_reset_tokens`
--

CREATE TABLE `password_reset_tokens` (
  `email` varchar(255) NOT NULL,
  `token` varchar(255) NOT NULL,
  `created_at` timestamp NULL DEFAULT NULL
) ENGINE=InnoDB DEFAULT CHARSET=utf8mb4 COLLATE=utf8mb4_unicode_ci;

-- --------------------------------------------------------

--
-- Table structure for table `payrolls`
--

CREATE TABLE `payrolls` (
  `id` bigint(20) UNSIGNED NOT NULL,
  `payroll_code` varchar(255) DEFAULT NULL,
  `title` varchar(255) DEFAULT NULL,
  `from_date` date NOT NULL,
  `to_date` date NOT NULL,
  `status` varchar(255) NOT NULL,
  `created_at` timestamp NULL DEFAULT NULL,
  `updated_at` timestamp NULL DEFAULT NULL
) ENGINE=InnoDB DEFAULT CHARSET=utf8mb4 COLLATE=utf8mb4_unicode_ci;

-- --------------------------------------------------------

--
-- Table structure for table `payslips`
--

CREATE TABLE `payslips` (
  `id` bigint(20) UNSIGNED NOT NULL,
  `employee_id` bigint(20) UNSIGNED NOT NULL,
  `payroll_id` bigint(20) UNSIGNED NOT NULL,
  `present_days` int(11) NOT NULL DEFAULT 0,
  `late_minutes` int(11) NOT NULL DEFAULT 0,
  `withholding_tax` decimal(10,2) NOT NULL DEFAULT 0.00,
  `net_pay` decimal(10,2) NOT NULL DEFAULT 0.00,
  `created_at` timestamp NULL DEFAULT NULL,
  `updated_at` timestamp NULL DEFAULT NULL
) ENGINE=InnoDB DEFAULT CHARSET=utf8mb4 COLLATE=utf8mb4_unicode_ci;

-- --------------------------------------------------------

--
-- Table structure for table `payslip_deductions`
--

CREATE TABLE `payslip_deductions` (
  `id` bigint(20) UNSIGNED NOT NULL,
  `payslip_id` bigint(20) UNSIGNED NOT NULL,
  `name` varchar(255) NOT NULL,
  `amount` decimal(10,2) NOT NULL,
  `created_at` timestamp NULL DEFAULT NULL,
  `updated_at` timestamp NULL DEFAULT NULL
) ENGINE=InnoDB DEFAULT CHARSET=utf8mb4 COLLATE=utf8mb4_unicode_ci;

-- --------------------------------------------------------

--
-- Table structure for table `payslip_earnings`
--

CREATE TABLE `payslip_earnings` (
  `id` bigint(20) UNSIGNED NOT NULL,
  `payslip_id` bigint(20) UNSIGNED NOT NULL,
  `name` varchar(255) NOT NULL,
  `amount` decimal(10,2) NOT NULL,
  `created_at` timestamp NULL DEFAULT NULL,
  `updated_at` timestamp NULL DEFAULT NULL
) ENGINE=InnoDB DEFAULT CHARSET=utf8mb4 COLLATE=utf8mb4_unicode_ci;

-- --------------------------------------------------------

--
-- Table structure for table `schedposts`
--

CREATE TABLE `schedposts` (
  `id` bigint(20) UNSIGNED NOT NULL,
  `employee_id` bigint(20) UNSIGNED NOT NULL,
  `date` date NOT NULL,
  `shift` varchar(255) NOT NULL,
  `created_at` timestamp NULL DEFAULT NULL,
  `updated_at` timestamp NULL DEFAULT NULL
) ENGINE=InnoDB DEFAULT CHARSET=utf8mb4 COLLATE=utf8mb4_unicode_ci;

-- --------------------------------------------------------

--
-- Table structure for table `schedule`
--

CREATE TABLE `schedule` (
  `id` bigint(20) UNSIGNED NOT NULL,
  `shift_code` varchar(255) NOT NULL,
  `desc` varchar(255) NOT NULL,
  `xptd_time_in` time DEFAULT NULL,
  `xptd_time_out` time DEFAULT NULL,
  `xptd_brk_in` time DEFAULT NULL,
  `xptd_brk_out` time DEFAULT NULL,
  `wrkhrs` int(11) DEFAULT NULL,
  `stat` varchar(255) DEFAULT NULL,
  `created_at` timestamp NULL DEFAULT NULL,
  `updated_at` timestamp NULL DEFAULT NULL
) ENGINE=InnoDB DEFAULT CHARSET=utf8mb4 COLLATE=utf8mb4_unicode_ci;

--
-- Dumping data for table `schedule`
--

INSERT INTO `schedule` (`id`, `shift_code`, `desc`, `xptd_time_in`, `xptd_time_out`, `xptd_brk_in`, `xptd_brk_out`, `wrkhrs`, `stat`, `created_at`, `updated_at`) VALUES
(1, '8-5', '8AM - 5PM', '08:00:00', '17:00:00', NULL, NULL, 8, 'Active', '2025-06-09 20:53:50', '2025-06-09 20:53:50'),
(2, '3-11', '3PM-11PM', '15:00:00', '23:00:00', NULL, NULL, 8, 'Active', '2025-06-19 22:48:10', '2025-06-19 22:48:10'),
(3, '11PM-7AM', '11-7', '23:00:00', '07:00:00', NULL, NULL, 8, 'Active', '2025-06-23 04:32:04', '2025-06-23 04:32:04');

-- --------------------------------------------------------

--
-- Table structure for table `sessions`
--

CREATE TABLE `sessions` (
  `id` varchar(255) NOT NULL,
  `user_id` bigint(20) UNSIGNED DEFAULT NULL,
  `ip_address` varchar(45) DEFAULT NULL,
  `user_agent` text DEFAULT NULL,
  `payload` longtext NOT NULL,
  `last_activity` int(11) NOT NULL
) ENGINE=InnoDB DEFAULT CHARSET=utf8mb4 COLLATE=utf8mb4_unicode_ci;

--
-- Dumping data for table `sessions`
--

INSERT INTO `sessions` (`id`, `user_id`, `ip_address`, `user_agent`, `payload`, `last_activity`) VALUES
('0pAGm96cIc0f2FcKrIsDmXfJXRAbaxZuTrLdibUL', NULL, '127.0.0.1', 'Mozilla/5.0 (Windows NT 10.0; Win64; x64) AppleWebKit/537.36 (KHTML, like Gecko) Chrome/137.0.0.0 Safari/537.36 Edg/137.0.0.0', 'YTozOntzOjY6Il90b2tlbiI7czo0MDoidG5VV2RIUVd4RGxBSGRUd3ZYdnVGRU9LdVpWRDh1dFBmSVVEM2w4USI7czo5OiJfcHJldmlvdXMiO2E6MTp7czozOiJ1cmwiO3M6MjE6Imh0dHA6Ly8xMjcuMC4wLjE6ODAwMCI7fXM6NjoiX2ZsYXNoIjthOjI6e3M6Mzoib2xkIjthOjA6e31zOjM6Im5ldyI7YTowOnt9fX0=', 1750679115),
('a8bW48oklnn6ACX7b6qU1bYMgyvy0R0bsrBT3wQM', NULL, '127.0.0.1', 'Mozilla/5.0 (Windows NT 10.0; Win64; x64) AppleWebKit/537.36 (KHTML, like Gecko) Chrome/137.0.0.0 Safari/537.36 Edg/137.0.0.0', 'YTozOntzOjY6Il90b2tlbiI7czo0MDoiQmtJMVp5QlNpRkhSSXVUSnlUZjN6ZU1TNXkxdUpEbkxQNFZ6dWwwWSI7czo5OiJfcHJldmlvdXMiO2E6MTp7czozOiJ1cmwiO3M6MjE6Imh0dHA6Ly8xMjcuMC4wLjE6ODAwMCI7fXM6NjoiX2ZsYXNoIjthOjI6e3M6Mzoib2xkIjthOjA6e31zOjM6Im5ldyI7YTowOnt9fX0=', 1750679115),
('I6WnWJPstAHKnE6Ofze7zwZ76Xx1SiEfVjLDaV5r', 1, '127.0.0.1', 'Mozilla/5.0 (Windows NT 10.0; Win64; x64) AppleWebKit/537.36 (KHTML, like Gecko) Chrome/137.0.0.0 Safari/537.36', 'YTo0OntzOjY6Il90b2tlbiI7czo0MDoicGdDdkF1ZzZJWTNpbmt1VVllTTBWYzhaUERYN2h0T3NKRzBGZ3lONyI7czo2OiJfZmxhc2giO2E6Mjp7czozOiJvbGQiO2E6MDp7fXM6MzoibmV3IjthOjA6e319czo5OiJfcHJldmlvdXMiO2E6MTp7czozOiJ1cmwiO3M6NDY6Imh0dHA6Ly8xMjcuMC4wLjE6ODAwMC9IUi9hdHRlbmRhbmNlL3Byb2Nlc3NkdHIiO31zOjUwOiJsb2dpbl93ZWJfNTliYTM2YWRkYzJiMmY5NDAxNTgwZjAxNGM3ZjU4ZWE0ZTMwOTg5ZCI7aToxO30=', 1750685309);

-- --------------------------------------------------------

--
-- Table structure for table `user`
--

CREATE TABLE `user` (
  `id` int(11) NOT NULL,
  `fname` varchar(50) NOT NULL,
  `lname` varchar(50) NOT NULL,
  `username` varchar(50) NOT NULL,
  `password` varchar(50) NOT NULL,
  `role` varchar(10) NOT NULL
) ENGINE=InnoDB DEFAULT CHARSET=utf8mb4 COLLATE=utf8mb4_general_ci;

--
-- Dumping data for table `user`
--

INSERT INTO `user` (`id`, `fname`, `lname`, `username`, `password`, `role`) VALUES
(1, 'DAIMLER', 'FERNANDEZ', 'admin', '123', 'admin'),
(2, 'sample', 'sample', 'sampler', '123', 'USER'),
(3, 'sample', 'sample', 'sample', '123', 'ADMIN');

-- --------------------------------------------------------

--
-- Table structure for table `users`
--

CREATE TABLE `users` (
  `id` bigint(20) UNSIGNED NOT NULL,
  `emp_id` varchar(255) DEFAULT NULL,
  `name` varchar(255) NOT NULL,
  `email` varchar(255) NOT NULL,
  `password` varchar(255) NOT NULL,
  `remember_token` varchar(100) DEFAULT NULL,
  `created_at` timestamp NULL DEFAULT NULL,
  `updated_at` timestamp NULL DEFAULT NULL
) ENGINE=InnoDB DEFAULT CHARSET=utf8mb4 COLLATE=utf8mb4_unicode_ci;

--
-- Dumping data for table `users`
--

INSERT INTO `users` (`id`, `emp_id`, `name`, `email`, `password`, `remember_token`, `created_at`, `updated_at`) VALUES
(1, NULL, 'esmail', 'esmail@gmail.com', '$2y$12$iApHRRv.RfyfhiNmMDx95uGG1qsVAfM3cfKHLfSnv364Ekvpc5MIO', NULL, '2025-06-08 19:19:06', '2025-06-08 19:19:06'),
(2, NULL, 'Julie Ann G Fernandez', 'admin@gensanmed.com', '$2y$12$7dbCW38m3/tPwqmcgyMJj.BqSa.VFFffsWBG2puaqwhi3Q2LPLEfq', NULL, '2025-06-15 17:16:25', '2025-06-15 17:16:25');

--
-- Indexes for dumped tables
--

--
-- Indexes for table `attendance`
--
ALTER TABLE `attendance`
  ADD PRIMARY KEY (`id`);

--
-- Indexes for table `cache`
--
ALTER TABLE `cache`
  ADD PRIMARY KEY (`key`);

--
-- Indexes for table `cache_locks`
--
ALTER TABLE `cache_locks`
  ADD PRIMARY KEY (`key`);

--
-- Indexes for table `dtr`
--
ALTER TABLE `dtr`
  ADD PRIMARY KEY (`id`);

--
-- Indexes for table `employees`
--
ALTER TABLE `employees`
  ADD PRIMARY KEY (`id`),
  ADD UNIQUE KEY `employees_employee_id_unique` (`employee_id`);

--
-- Indexes for table `employee_schedules`
--
ALTER TABLE `employee_schedules`
  ADD PRIMARY KEY (`id`),
  ADD KEY `employee_schedules_employee_id_foreign` (`employee_id`);

--
-- Indexes for table `failed_jobs`
--
ALTER TABLE `failed_jobs`
  ADD PRIMARY KEY (`id`),
  ADD UNIQUE KEY `failed_jobs_uuid_unique` (`uuid`);

--
-- Indexes for table `fingerprint`
--
ALTER TABLE `fingerprint`
  ADD PRIMARY KEY (`emp_id`);

--
-- Indexes for table `holidays`
--
ALTER TABLE `holidays`
  ADD PRIMARY KEY (`id`);

--
-- Indexes for table `jobs`
--
ALTER TABLE `jobs`
  ADD PRIMARY KEY (`id`),
  ADD KEY `jobs_queue_index` (`queue`);

--
-- Indexes for table `job_batches`
--
ALTER TABLE `job_batches`
  ADD PRIMARY KEY (`id`);

--
-- Indexes for table `migrations`
--
ALTER TABLE `migrations`
  ADD PRIMARY KEY (`id`);

--
-- Indexes for table `password_reset_tokens`
--
ALTER TABLE `password_reset_tokens`
  ADD PRIMARY KEY (`email`);

--
-- Indexes for table `payrolls`
--
ALTER TABLE `payrolls`
  ADD PRIMARY KEY (`id`);

--
-- Indexes for table `payslips`
--
ALTER TABLE `payslips`
  ADD PRIMARY KEY (`id`),
  ADD KEY `payslips_employee_id_foreign` (`employee_id`);

--
-- Indexes for table `payslip_deductions`
--
ALTER TABLE `payslip_deductions`
  ADD PRIMARY KEY (`id`),
  ADD KEY `payslip_deductions_payslip_id_foreign` (`payslip_id`);

--
-- Indexes for table `payslip_earnings`
--
ALTER TABLE `payslip_earnings`
  ADD PRIMARY KEY (`id`),
  ADD KEY `payslip_earnings_payslip_id_foreign` (`payslip_id`);

--
-- Indexes for table `schedposts`
--
ALTER TABLE `schedposts`
  ADD PRIMARY KEY (`id`),
  ADD KEY `schedposts_employee_id_foreign` (`employee_id`);

--
-- Indexes for table `schedule`
--
ALTER TABLE `schedule`
  ADD PRIMARY KEY (`id`);

--
-- Indexes for table `sessions`
--
ALTER TABLE `sessions`
  ADD PRIMARY KEY (`id`),
  ADD KEY `sessions_user_id_index` (`user_id`),
  ADD KEY `sessions_last_activity_index` (`last_activity`);

--
-- Indexes for table `user`
--
ALTER TABLE `user`
  ADD PRIMARY KEY (`id`);

--
-- Indexes for table `users`
--
ALTER TABLE `users`
  ADD PRIMARY KEY (`id`),
  ADD UNIQUE KEY `users_email_unique` (`email`);

--
-- AUTO_INCREMENT for dumped tables
--

--
-- AUTO_INCREMENT for table `attendance`
--
ALTER TABLE `attendance`
  MODIFY `id` int(10) NOT NULL AUTO_INCREMENT, AUTO_INCREMENT=5;

--
-- AUTO_INCREMENT for table `dtr`
--
ALTER TABLE `dtr`
  MODIFY `id` bigint(20) UNSIGNED NOT NULL AUTO_INCREMENT, AUTO_INCREMENT=61;

--
-- AUTO_INCREMENT for table `employees`
--
ALTER TABLE `employees`
  MODIFY `id` bigint(20) UNSIGNED NOT NULL AUTO_INCREMENT, AUTO_INCREMENT=4;

--
-- AUTO_INCREMENT for table `employee_schedules`
--
ALTER TABLE `employee_schedules`
  MODIFY `id` bigint(20) UNSIGNED NOT NULL AUTO_INCREMENT, AUTO_INCREMENT=61;

--
-- AUTO_INCREMENT for table `failed_jobs`
--
ALTER TABLE `failed_jobs`
  MODIFY `id` bigint(20) UNSIGNED NOT NULL AUTO_INCREMENT;

--
-- AUTO_INCREMENT for table `holidays`
--
ALTER TABLE `holidays`
  MODIFY `id` bigint(20) UNSIGNED NOT NULL AUTO_INCREMENT;

--
-- AUTO_INCREMENT for table `jobs`
--
ALTER TABLE `jobs`
  MODIFY `id` bigint(20) UNSIGNED NOT NULL AUTO_INCREMENT;

--
-- AUTO_INCREMENT for table `migrations`
--
ALTER TABLE `migrations`
  MODIFY `id` int(10) UNSIGNED NOT NULL AUTO_INCREMENT, AUTO_INCREMENT=33;

--
-- AUTO_INCREMENT for table `payrolls`
--
ALTER TABLE `payrolls`
  MODIFY `id` bigint(20) UNSIGNED NOT NULL AUTO_INCREMENT;

--
-- AUTO_INCREMENT for table `payslips`
--
ALTER TABLE `payslips`
  MODIFY `id` bigint(20) UNSIGNED NOT NULL AUTO_INCREMENT;

--
-- AUTO_INCREMENT for table `payslip_deductions`
--
ALTER TABLE `payslip_deductions`
  MODIFY `id` bigint(20) UNSIGNED NOT NULL AUTO_INCREMENT;

--
-- AUTO_INCREMENT for table `payslip_earnings`
--
ALTER TABLE `payslip_earnings`
  MODIFY `id` bigint(20) UNSIGNED NOT NULL AUTO_INCREMENT;

--
-- AUTO_INCREMENT for table `schedposts`
--
ALTER TABLE `schedposts`
  MODIFY `id` bigint(20) UNSIGNED NOT NULL AUTO_INCREMENT;

--
-- AUTO_INCREMENT for table `schedule`
--
ALTER TABLE `schedule`
  MODIFY `id` bigint(20) UNSIGNED NOT NULL AUTO_INCREMENT, AUTO_INCREMENT=4;

--
-- AUTO_INCREMENT for table `user`
--
ALTER TABLE `user`
  MODIFY `id` int(11) NOT NULL AUTO_INCREMENT, AUTO_INCREMENT=4;

--
-- AUTO_INCREMENT for table `users`
--
ALTER TABLE `users`
  MODIFY `id` bigint(20) UNSIGNED NOT NULL AUTO_INCREMENT, AUTO_INCREMENT=3;

--
-- Constraints for dumped tables
--

--
-- Constraints for table `payslips`
--
ALTER TABLE `payslips`
  ADD CONSTRAINT `payslips_employee_id_foreign` FOREIGN KEY (`employee_id`) REFERENCES `employees` (`id`) ON DELETE CASCADE;

--
-- Constraints for table `payslip_deductions`
--
ALTER TABLE `payslip_deductions`
  ADD CONSTRAINT `payslip_deductions_payslip_id_foreign` FOREIGN KEY (`payslip_id`) REFERENCES `payslips` (`id`) ON DELETE CASCADE;

--
-- Constraints for table `payslip_earnings`
--
ALTER TABLE `payslip_earnings`
  ADD CONSTRAINT `payslip_earnings_payslip_id_foreign` FOREIGN KEY (`payslip_id`) REFERENCES `payslips` (`id`) ON DELETE CASCADE;

--
-- Constraints for table `schedposts`
--
ALTER TABLE `schedposts`
  ADD CONSTRAINT `schedposts_employee_id_foreign` FOREIGN KEY (`employee_id`) REFERENCES `employees` (`id`) ON DELETE CASCADE;
COMMIT;

/*!40101 SET CHARACTER_SET_CLIENT=@OLD_CHARACTER_SET_CLIENT */;
/*!40101 SET CHARACTER_SET_RESULTS=@OLD_CHARACTER_SET_RESULTS */;
/*!40101 SET COLLATION_CONNECTION=@OLD_COLLATION_CONNECTION */;
